year,inflation_rate
2012,12.2242413
2013,8.495518383
2014,8.04741088
2015,9.00943498
2016,15.69681264
2017,16.50226621
2018,12.09510652
2019,11.39642234
2020,13.24602343
2021,16.95284572
2022,18.84718778
2023,24.6595502
2024,33.24209665
2025,
